{"train": [5.2805076081198745, 4.959395257984689, 4.843505611618879, 4.751840855371858, 4.650444222492586], "val": [5.012668478488922, 4.8982918620109555, 4.831466841697693, 4.754899048805237, 4.684360933303833]}